<?xml version='1.0' encoding='UTF-8' ?>
<timeLogEntries>
  <time id="1" path="/Lab 1/PSP Fundamentals &amp; Advanced/Program 1/Planning" start="@1534607010751" delta="69" />
  <time id="2" path="/Lab 1/PSP Fundamentals &amp; Advanced/Program 1/Planning" start="@1534616409861" delta="80" interrupt="8" />
  <time id="3" path="/Lab 1/PSP Fundamentals &amp; Advanced/Program 1/Planning" start="@1534623175559" delta="94" />
  <time id="4" path="/Lab-2/PSP2/Code" start="@1551817010049" delta="14" comment="Implementing the hash table." />
  <time id="5" path="/Lab-2/PSP2/Code Review" start="@1551817954580" delta="12" comment="I'm correcting some methods of the hash table." />
  <time id="6" path="/Lab-2/PSP2/Code" start="@1551818755571" delta="14" />
  <time id="7" path="/Lab-2/PSP2/Code" start="@1551820771227" delta="11" />
  <time id="8" path="/Lab-2/PSP2/Planning" start="@1551821569874" delta="52" comment="I'm making the phase one of the engineer method." />
  <time id="9" path="/Lab-2/PSP2/Planning" start="@1551974716382" delta="3" />
  <time id="10" path="/Lab-2/PSP2/Planning" start="@1551975208038" delta="27" comment="I will complete the phase one of the engineer method." />
  <time id="11" path="/Lab-2/PSP2/Planning" start="@1551979456042" delta="29" comment="I finished the phase two" />
  <time id="12" path="/Lab-2/PSP2/Code" start="@1551981232334" delta="11" comment="I'm going to do the search method of the hash table" />
  <time id="13" path="/Lab-2/PSP2/Code Review" start="@1551981953702" delta="65" interrupt="7" comment="I'll see if the search method works correctly." />
  <time id="14" path="/Lab-2/PSP2/Code" start="@1551986542037" delta="9" />
  <time id="15" path="/Lab-2/PSP2/Code" start="@1551989095867" delta="12" />
  <time id="16" path="/Lab-2/PSP2/Design" start="@1551992234452" delta="49" comment="I'm going to make the stack tab." />
  <time id="17" path="/Lab-2/PSP2/Design" start="@1551996327673" delta="39" comment="I'm going to make the HashTable´s tad" />
  <time id="18" path="/Lab-2/PSP2/Code" start="@1552067902942" delta="15" comment="I´m going to make the delete method of the hash table." />
  <time id="19" path="/Lab-2/PSP2/Code Review" start="@1552068842989" delta="7" comment="I'll see if the delete method works correctly." />
  <time id="21" path="/Lab-2/PSP2/Design" start="@1552070707812" delta="122" />
  <time id="22" path="/Lab-2/PSP2/Code" start="@1552330350236" delta="151" />
  <time id="23" path="/Lab-2/PSP2/Design" start="@1552409839068" delta="61" comment="I´m going the unit designs" />
  <time id="24" path="/Lab-2/PSP2/Code" start="@1552420012842" delta="214" comment="I'm trying of solve the problem with the structures" />
  <time id="25" path="/Lab-2/PSP2/Design Review" start="@1552499995549" delta="37" comment="I am analyzing the complexity of the most important method of each data structure." />
  <time id="26" path="/Lab-2/PSP2/Test" start="@1552503151946" delta="47" comment="I did the HashTable tests" />
  <time id="27" path="/Lab-2/PSP2/Code" start="@1552581419001" delta="34" comment="I did the adt PriorityQueue." />
  <time id="28" path="/Lab-2/PSP2/Design" start="@1552584125823" delta="33" comment="I did the complexity." />
  <time id="29" path="/Lab-2/PSP2/Code" start="@1552604757892" delta="27" />
  <time id="30" path="/Lab-2/PSP2/Compile" start="@1552784710993" delta="59" comment="I'm seeing that the program works well." />
  <time id="31" path="/Lab-2/PSP2/Postmortem" start="@1552788312681" delta="9" comment="I'm organizing the laboratory." />
  <time id="32" path="/Lab-3/PSP0/Planning" start="@1554831364429" delta="13" comment="I am developing the one phase of the engineering method." />
  <time id="34" path="/Lab-3/PSP0/Planning" start="@1554832534601" delta="6" comment="I am doing the three phase of the engineering method." />
  <time id="35" path="/Lab-3/PSP0/Planning" start="@1554839651760" delta="50" comment="I finished the three phase" />
  <time id="36" path="/Lab-3/PSP0/Planning" start="@1554924140706" delta="38" comment="I did a part of the four phase" />
  <time id="37" path="/Lab-3/PSP0/Code" start="@1554927376000" delta="30" comment="I am implementing the Red-Black tree" />
  <time id="38" path="/Lab-3/PSP0/Planning" start="@1555097844545" delta="49" comment="I corrected somethings" />
  <time id="39" path="/Lab-3/PSP0/Code" start="@1555469932260" delta="114" comment="I am making the RB Tree methods" />
  <time id="40" path="/Lab-3/PSP0/Code" start="@1555477175495" delta="106" comment="I finished the RB Tree" />
  <time id="41" path="/Lab-3/PSP0/Code" start="@1555516558776" delta="84" interrupt="7" comment="I am making the insert method the AVL" />
  <time id="42" path="/Lab-3/PSP0/Code" start="@1555539833891" delta="31" comment="I am implementing the delete method the Avl" />
  <time id="43" path="/Lab-3/PSP0/Test" start="@1555541665739" delta="4" comment="I'm doing the test methods of the red-black tree" />
  <time id="44" path="/Lab-3/PSP0/Code" start="@1555541924147" delta="28" comment="Developing the search method" />
  <time id="45" path="/Lab-3/PSP0/Test" start="@1555544593750" delta="7" comment="I'm doing the test methods of the red-black tree" />
  <time id="46" path="/Lab-3/PSP0/Test" start="@1555545985676" delta="13" comment="I'm doing AVL tree test methods" />
  <time id="47" path="/Lab-3/PSP0/Code" start="@1555551382549" delta="31" comment="I finished the Avl tree" />
  <time id="48" path="/Lab-3/PSP0/Test" start="@1555553265230" delta="67" comment="I'm doing AVL tree test methods" />
  <time id="49" path="/Lab-3/PSP0/Design" start="@1555818123000" delta="32" comment="I am desining the class diagram" />
  <time id="50" path="/Lab-3/PSP0/Test" start="@1555820040526" delta="7" />
  <time id="51" path="/Lab-3/PSP0/Postmortem" start="@1555820498000" delta="3" comment="The program is ready to finish." />
</timeLogEntries>
