<?xml version='1.0' encoding='UTF-8' ?>
<timeLogEntries>
  <time id="1" path="/Lab2/PSP2.1/Planning" start="@1551810605000" delta="34" />
  <time id="2" path="/Lab2/PSP2.1/Planning" start="@1551820050075" delta="98" />
  <time id="3" path="/Lab2_FabianPortilla/PSP0/Planning" start="@1551900894790" delta="78" />
  <time id="4" path="/Lab2_FabianPortilla/PSP0/Planning" start="@1551982911995" delta="173" />
  <time id="5" path="/Lab2_FabianPortilla/PSP0/Planning" start="@1551996243683" delta="24" />
  <time id="6" path="/Lab2_FabianPortilla/PSP0/Design" start="@1552073228492" delta="40" />
  <time id="7" path="/Lab2_FabianPortilla/PSP0/Test" start="@1552075747736" delta="90" />
  <time id="8" path="/Lab2_FabianPortilla/PSP0/Planning" start="@1552400543600" delta="9" />
  <time id="9" path="/Lab2_FabianPortilla/PSP0/Code" start="@1552401532814" delta="39" />
  <time id="10" path="/Lab2_FabianPortilla/PSP0/Code" start="@1552409883642" delta="62" />
  <time id="11" path="/Lab2_FabianPortilla/PSP0/Planning" start="@1552420402035" delta="28" />
  <time id="12" path="/Lab2_FabianPortilla/PSP0/Test" start="@1552422176199" delta="53" />
  <time id="13" path="/Lab2_FabianPortilla/PSP0/Planning" start="@1552430683038" delta="37" />
  <time id="14" path="/Lab2_FabianPortilla/PSP0/Test" start="@1552586188105" delta="50" />
  <time id="15" path="/Lab2_FabianPortilla/PSP0/Code" start="@1552601323875" delta="85" />
  <time id="16" path="/Lab3_FabianPortilla/PSP0/Planning" start="@1554831337286" delta="28" />
  <time id="17" path="/Lab3_FabianPortilla/PSP0/Planning" start="@1554999909902" delta="48" />
  <time id="18" path="/Lab3_FabianPortilla/PSP0/Planning" start="@1555097076817" delta="173" />
  <time id="19" path="/Lab3_FabianPortilla/PSP0/Test" start="@1555794229707" delta="14" />
  <time id="20" path="/Lab3_FabianPortilla/PSP0/Code" start="@1555795120667" delta="92" />
  <time id="21" path="/Lab3_FabianPortilla/PSP0/Planning" start="@1555802284153" delta="176" />
</timeLogEntries>
